length_numeric,estimated_mass_kg,metabolic_demand,habitat_modification_potential,specialization_index,region_diversity_score,temporal_span,extinction_proximity,trophic_impact,diet,type,geological_period,lived_in,start_time_mya,end_time_mya,mid_time_mya,ecosystem_impact_score,name,impact_category
8.0,18101.933598375617,18101.933598375617,24.0,3,0.6451612903225806,10.0,-124.0,2.0,herbivorous,sauropod,Early Jurassic,South Africa,199.0,189.0,194.0,12.267787012845599,aardonyx,Low Impact
9.0,24300.0,36450.0,22.5,4,0.9032258064516129,4.0,-5.0,3.0,carnivorous,large theropod,Late Cretaceous,Argentina,74.0,70.0,72.0,34.194487037688,abelisaurus,Moderate Impact
6.0,8818.163074019441,8818.163074019441,12.0,3,1.0,13.0,-5.0,2.0,herbivorous,ceratopsian,Late Cretaceous,USA,83.0,70.0,76.5,7.745831489653369,achelousaurus,Low Impact
5.0,5590.169943749474,8385.254915624211,12.5,4,0.9354838709677419,15.0,-19.0,3.0,carnivorous,large theropod,Late Cretaceous,Mongolia,99.0,84.0,91.5,29.497816682245997,achillobator,Low Impact
12.0,49883.06325798367,74824.59488697551,30.0,4,1.0,10.0,-40.0,3.0,carnivorous,large theropod,Early Cretaceous,USA,115.0,105.0,110.0,38.55374744986121,acrocanthosaurus,Moderate Impact
15.0,87142.12528966687,87142.12528966687,45.0,3,0.25806451612903225,5.0,-28.0,2.0,herbivorous,sauropod,Late Cretaceous,Egypt,98.0,93.0,95.5,23.095101913093295,aegyptosaurus,Low Impact
9.0,24300.0,36450.0,22.5,4,0.7419354838709677,11.0,-56.0,3.0,carnivorous,large theropod,Early Cretaceous,Niger,132.0,121.0,126.5,34.194487037688,afrovenator,Moderate Impact
1.5,275.56759606310754,275.56759606310754,2.25,2,0.967741935483871,10.0,-94.0,2.0,herbivorous,euornithopod,Late Jurassic,China,169.0,159.0,164.0,2.349907735627417,agilisaurus,Low Impact
21.0,202091.58814755257,202091.58814755257,63.0,3,1.0,5.0,0.0,2.0,herbivorous,sauropod,Late Cretaceous,USA,70.0,65.0,67.5,35.453949228341465,alamosaurus,Moderate Impact
7.0,12964.181424216495,12964.181424216495,14.0,3,1.0,5.0,-10.0,2.0,herbivorous,ceratopsian,Late Cretaceous,USA,80.0,75.0,77.5,8.642924830219897,albertaceratops,Low Impact
9.0,24300.0,36450.0,22.5,4,0.8387096774193549,2.0,-9.0,3.0,carnivorous,large theropod,Late Cretaceous,Canada,76.0,74.0,75.0,34.194487037688,albertosaurus,Moderate Impact
5.0,5590.169943749474,8385.254915624211,12.5,4,0.9354838709677419,20.0,-5.0,3.0,carnivorous,large theropod,Late Cretaceous,Mongolia,90.0,70.0,80.0,29.497816682245997,alectrosaurus,Low Impact
6.0,8818.163074019441,13227.244611029162,15.0,4,0.9354838709677419,6.0,0.0,3.0,carnivorous,large theropod,Late Cretaceous,Mongolia,71.0,65.0,68.0,30.566981857398645,alioramus,Moderate Impact
12.0,49883.06325798367,74824.59488697551,30.0,4,1.0,12.0,-79.0,3.0,carnivorous,large theropod,Late Jurassic,USA,156.0,144.0,150.0,38.55374744986121,allosaurus,Moderate Impact
2.0,565.685424949238,848.5281374238571,2.0,3,0.9032258064516129,4.0,-20.0,3.0,carnivorous,small theropod,Late Cretaceous,Argentina,89.0,85.0,87.0,23.958811994815942,alvarezsaurus,Low Impact
12.0,49883.06325798367,49883.06325798367,36.0,3,0.9032258064516129,5.0,-62.0,2.0,herbivorous,sauropod,Early Cretaceous,Argentina,132.0,127.0,129.5,18.03146311742461,amargasaurus,Low Impact
5.0,5590.169943749474,5590.169943749474,15.0,3,1.0,15.0,-115.0,2.0,herbivorous,sauropod,Early Jurassic,USA,195.0,180.0,187.5,8.570052079215587,ammosaurus,Low Impact
15.0,87142.12528966687,87142.12528966687,45.0,3,0.5483870967741935,6.0,0.0,2.0,herbivorous,sauropod,Late Cretaceous,France,71.0,65.0,68.0,23.095101913093295,ampelosaurus,Low Impact
15.0,87142.12528966687,87142.12528966687,45.0,3,0.9032258064516129,8.0,-104.0,2.0,herbivorous,sauropod,Mid Jurassic,Argentina,177.0,169.0,173.0,23.095101913093295,amygdalodon,Low Impact
6.0,8818.163074019441,8818.163074019441,12.0,3,0.8387096774193549,4.0,-5.0,2.0,herbivorous,ceratopsian,Late Cretaceous,Canada,74.0,70.0,72.0,7.745831489653369,anchiceratops,Low Impact
2.0,565.685424949238,565.685424949238,6.0,3,1.0,0.0,-125.0,2.0,herbivorous,sauropod,Early Jurassic,USA,190.0,190.0,190.0,5.285570476594319,anchisaurus,Low Impact
7.0,12964.181424216495,12964.181424216495,15.400000000000002,3,1.0,7.0,-2.0,2.0,herbivorous,armoured dinosaur,Late Cretaceous,USA,74.0,67.0,70.5,9.11070525981417,ankylosaurus,Low Impact
3.5,2291.7651493990393,3437.6477240985587,8.75,4,0.9354838709677419,19.0,0.0,3.0,carnivorous,large theropod,Late Cretaceous,Mongolia,84.0,65.0,74.5,28.0058896321789,anserimimus,Low Impact
18.0,137461.55826266482,137461.55826266482,54.0,3,0.03225806451612903,19.0,0.0,2.0,herbivorous,sauropod,Late Cretaceous,Uruguay,84.0,65.0,74.5,28.879595601146423,antarctosaurus,Low Impact
21.0,202091.58814755257,202091.58814755257,63.0,3,1.0,9.0,-80.0,2.0,herbivorous,sauropod,Late Jurassic,USA,154.0,145.0,149.5,35.453949228341465,apatosaurus,Moderate Impact
18.0,137461.55826266482,137461.55826266482,54.0,3,0.6451612903225806,11.0,-56.0,2.0,herbivorous,sauropod,Early Cretaceous,Spain,132.0,121.0,126.5,28.879595601146423,aragosaurus,Low Impact
8.0,18101.933598375617,18101.933598375617,12.0,2,0.25806451612903225,10.0,-19.0,2.0,herbivorous,euornithopod,Late Cretaceous,Kazakhstan,94.0,84.0,89.0,6.591573806799459,aralosaurus,Low Impact
1.3,192.68964684175432,192.68964684175432,2.6,3,0.967741935483871,22.0,-34.0,2.0,herbivorous,ceratopsian,Early Cretaceous,China,121.0,99.0,110.0,4.128945139222208,archaeoceratops,Low Impact
0.5,17.67766952966369,26.516504294495533,0.5,3,0.8064516129032258,0.0,-82.0,3.0,carnivorous,small theropod,Late Jurassic,Germany,147.0,147.0,147.0,23.417919780550584,archaeopteryx,Low Impact
3.5,2291.7651493990393,3437.6477240985587,3.5,3,0.25806451612903225,25.0,-5.0,3.0,carnivorous,small theropod,Late Cretaceous,Uzbekistan,95.0,70.0,82.5,24.585046354533713,archaeornithomimus,Low Impact
35.0,724719.773429703,724719.773429703,105.0,3,0.9032258064516129,0.0,-25.0,2.0,herbivorous,sauropod,Late Cretaceous,Argentina,90.0,90.0,90.0,78.33333333333331,argentinosaurus,High Impact
6.0,8818.163074019441,8818.163074019441,12.0,3,0.8387096774193549,5.0,-2.0,2.0,herbivorous,ceratopsian,Late Cretaceous,Canada,72.0,67.0,69.5,7.745831489653369,arrhinoceratops,Low Impact
3.0,1558.8457268119896,1558.8457268119896,4.5,2,0.7419354838709677,24.0,-32.0,2.0,herbivorous,euornithopod,Early Cretaceous,Australia,121.0,97.0,109.0,3.1725270414177027,atlascopcosaurus,Low Impact
5.0,5590.169943749474,8385.254915624211,12.5,4,0.9032258064516129,13.0,-6.0,3.0,carnivorous,large theropod,Late Cretaceous,Argentina,84.0,71.0,77.5,29.497816682245997,aucasaurus,Low Impact
15.0,87142.12528966687,87142.12528966687,45.0,3,0.7419354838709677,13.0,-34.0,2.0,herbivorous,sauropod,Early Cretaceous,Australia,112.0,99.0,105.5,23.095101913093295,austrosaurus,Low Impact
2.3,802.2682219806538,802.2682219806538,4.6,3,1.0,5.0,-10.0,2.0,herbivorous,ceratopsian,Late Cretaceous,USA,80.0,75.0,77.5,4.830848012004288,avaceratops,Low Impact
1.5,275.56759606310754,330.68111527572904,1.5,1,0.9354838709677419,5.0,-10.0,2.5,omnivorous,small theropod,Late Cretaceous,Mongolia,80.0,75.0,77.5,10.434545623577456,avimimus,Low Impact
6.0,8818.163074019441,8818.163074019441,9.0,2,0.967741935483871,13.0,-6.0,2.0,herbivorous,euornithopod,Late Cretaceous,China,84.0,71.0,77.5,5.076778188141834,bactrosaurus,Low Impact
1.0,100.0,100.0,2.0,3,0.9354838709677419,5.0,-15.0,2.0,herbivorous,ceratopsian,Late Cretaceous,Mongolia,85.0,80.0,82.5,3.923351894359363,bagaceratops,Low Impact
1.0,100.0,150.0,1.0,3,1.0,13.0,-6.0,3.0,carnivorous,small theropod,Late Cretaceous,USA,84.0,71.0,77.5,23.59094783183537,bambiraptor,Low Impact
14.0,73336.48478076926,73336.48478076926,42.0,3,0.5483870967741935,15.0,-105.0,2.0,herbivorous,sauropod,Early Jurassic,India,185.0,170.0,177.5,21.330725932918387,barapasaurus,Low Impact
24.0,282181.2183686221,282181.2183686221,72.0,3,1.0,10.0,-80.0,2.0,herbivorous,sauropod,Late Jurassic,USA,155.0,145.0,150.0,42.881580958181516,barosaurus,Moderate Impact
10.0,31622.776601683792,47434.16490252569,25.0,4,0.8709677419354839,0.0,-60.0,3.0,carnivorous,large theropod,Early Cretaceous,United Kingdom,125.0,125.0,125.0,35.560287406445354,baryonyx,Moderate Impact
5.0,5590.169943749474,8385.254915624211,12.5,4,0.8709677419354839,10.0,-67.0,3.0,carnivorous,large theropod,Early Cretaceous,United Kingdom,142.0,132.0,137.0,29.497816682245997,becklespinax,Low Impact
2.0,565.685424949238,678.8225099390856,2.0,1,0.967741935483871,6.0,-56.0,2.5,omnivorous,small theropod,Early Cretaceous,China,127.0,121.0,124.0,10.619624442673738,beipiaosaurus,Low Impact
5.0,5590.169943749474,5590.169943749474,15.0,3,0.967741935483871,21.0,-94.0,2.0,herbivorous,sauropod,Mid Jurassic,China,180.0,159.0,169.5,8.570052079215587,bellusaurus,Low Impact
1.5,275.56759606310754,413.3513940946613,1.5,3,0.9354838709677419,19.0,0.0,3.0,carnivorous,small theropod,Late Cretaceous,Mongolia,84.0,65.0,74.5,23.77073077690267,borogovia,Low Impact
30.0,492950.30175464944,492950.30175464944,90.0,3,1.0,15.0,-75.0,2.0,herbivorous,sauropod,Late Jurassic,USA,155.0,140.0,147.5,60.52910212155389,brachiosaurus,High Impact
7.0,12964.181424216495,12964.181424216495,10.5,2,1.0,1.0,-23.0,2.0,herbivorous,euornithopod,Late Cretaceous,USA,89.0,88.0,88.5,5.806807089567551,brachylophosaurus,Low Impact
10.0,31622.776601683792,31622.776601683792,30.0,3,0.9032258064516129,0.0,-85.0,2.0,herbivorous,sauropod,Mid Jurassic,Argentina,150.0,150.0,150.0,15.018830497362453,brachytrachelopan,Low Impact
1.3,192.68964684175432,289.0344702626315,1.3,3,0.9032258064516129,9.0,-25.0,3.0,carnivorous,small theropod,Late Cretaceous,Argentina,99.0,90.0,94.5,23.697901138848138,buitreraptor,Low Impact
23.0,253699.48758324285,253699.48758324285,69.0,3,1.0,10.0,-75.0,2.0,herbivorous,sauropod,Late Jurassic,USA,150.0,140.0,145.0,40.30717197630898,camarasaurus,Moderate Impact
5.0,5590.169943749474,5590.169943749474,7.5,2,1.0,10.0,-80.0,2.0,herbivorous,euornithopod,Late Jurassic,USA,155.0,145.0,150.0,4.3974188254367474,camptosaurus,Low Impact
15.0,87142.12528966687,130713.18793450031,37.5,4,0.03225806451612903,4.0,-29.0,3.0,carnivorous,large theropod,Late Cretaceous,North Africa,98.0,94.0,96.0,43.75884310117314,carcharodontosaurus,Moderate Impact
7.6,15923.333118414621,23884.99967762193,19.0,4,0.9032258064516129,0.0,-5.0,3.0,carnivorous,large theropod,Late Cretaceous,Argentina,70.0,70.0,70.0,32.41821164209217,carnotaurus,Moderate Impact
1.0,100.0,120.0,1.0,1,0.967741935483871,3.0,-57.0,2.5,omnivorous,small theropod,Early Cretaceous,China,125.0,122.0,123.5,10.256579609047456,caudipteryx,Low Impact
10.0,31622.776601683792,31622.776601683792,22.0,3,1.0,15.0,-62.0,2.0,herbivorous,armoured dinosaur,Early Cretaceous,USA,142.0,127.0,134.5,12.345799471109471,cedarpelta,Low Impact
6.0,8818.163074019441,8818.163074019441,12.0,3,0.8387096774193549,2.0,-9.0,2.0,herbivorous,ceratopsian,Late Cretaceous,Canada,76.0,74.0,75.0,7.745831489653369,centrosaurus,Low Impact
6.0,8818.163074019441,13227.244611029162,15.0,4,1.0,5.0,-83.0,3.0,carnivorous,large theropod,Late Jurassic,USA,153.0,148.0,150.5,30.566981857398645,ceratosaurus,Moderate Impact
15.0,87142.12528966687,87142.12528966687,45.0,3,0.8709677419354839,15.0,-95.0,2.0,herbivorous,sauropod,Mid Jurassic,United Kingdom,175.0,160.0,167.5,23.095101913093295,cetiosauriscus,Low Impact
18.0,137461.55826266482,137461.55826266482,54.0,3,0.8709677419354839,10.0,-95.0,2.0,herbivorous,sauropod,Mid Jurassic,United Kingdom,170.0,160.0,165.0,28.879595601146423,cetiosaurus,Low Impact
1.1,126.90587062858836,126.90587062858836,2.2,3,0.967741935483871,7.0,-80.0,2.0,herbivorous,ceratopsian,Late Jurassic,China,152.0,145.0,148.5,3.99166271424327,chaoyangsaurus,Low Impact
5.0,5590.169943749474,5590.169943749474,10.0,3,0.8387096774193549,2.0,-9.0,2.0,herbivorous,ceratopsian,Late Cretaceous,Canada,76.0,74.0,75.0,6.899407687807472,chasmosaurus,Low Impact
4.0,3200.0,4800.0,4.0,3,1.0,17.0,-145.0,3.0,carnivorous,small theropod,Late Triassic,USA,227.0,210.0,218.5,24.81790533998628,chindesaurus,Low Impact
11.0,40131.159963300335,40131.159963300335,33.0,3,0.967741935483871,17.0,-77.0,2.0,herbivorous,sauropod,Late Jurassic,China,159.0,142.0,150.5,16.490829350731822,chinshakiangosaurus,Low Impact
1.7,376.8098990207131,452.1718788248557,1.7,1,0.8387096774193549,12.0,-2.0,2.5,omnivorous,small theropod,Late Jurassic,Canada,79.0,67.0,73.0,10.50765787021713,chirostenotes,Low Impact
23.0,253699.48758324285,253699.48758324285,69.0,3,0.9032258064516129,13.0,-34.0,2.0,herbivorous,sauropod,Early Cretaceous,Argentina,112.0,99.0,105.5,40.30717197630898,chubutisaurus,Moderate Impact
4.0,3200.0,3200.0,8.8,3,0.967741935483871,17.0,-77.0,2.0,herbivorous,armoured dinosaur,Late Jurassic,China,159.0,142.0,150.5,6.366529851494077,chungkingosaurus,Low Impact
2.1,639.0697145069543,766.8836574083451,2.1,1,0.9354838709677419,6.0,-10.0,2.5,omnivorous,small theropod,Late Cretaceous,Mongolia,81.0,75.0,78.0,10.65759400487083,citipati,Low Impact
2.0,565.685424949238,848.5281374238571,2.0,3,0.45161290322580644,35.0,-125.0,3.0,carnivorous,small theropod,Late Triassic,Zimbabwe,225.0,190.0,207.5,23.958811994815942,coelophysis,Low Impact
1.8,434.69161482595916,652.0374222389387,1.8,3,1.0,10.0,-80.0,3.0,carnivorous,small theropod,Late Jurassic,USA,155.0,145.0,150.0,23.8824967371154,coelurus,Low Impact
4.0,3200.0,3840.0,12.0,2,0.9032258064516129,11.0,-145.0,2.5,omnivorous,sauropod,Late Triassic,Argentina,221.0,210.0,215.5,15.791153237026197,coloradisaurus,Low Impact
0.65,34.063038986561374,51.094558479842064,0.65,3,0.8064516129032258,5.0,-75.0,3.0,carnivorous,small theropod,Late Jurassic,Germany,145.0,140.0,142.5,23.46922610478585,compsognathus,Low Impact
1.5,275.56759606310754,413.3513940946613,1.5,3,0.9354838709677419,5.0,-11.0,3.0,carnivorous,small theropod,Late Cretaceous,Mongolia,81.0,76.0,78.5,23.77073077690267,conchoraptor,Low Impact
0.25,3.125,4.6875,0.25,3,0.967741935483871,6.0,-56.0,3.0,carnivorous,small theropod,Early Cretaceous,China,127.0,121.0,124.0,23.333333333333332,confuciusornis,Low Impact
10.0,31622.776601683792,31622.776601683792,15.0,2,1.0,2.0,-9.0,2.0,herbivorous,euornithopod,Late Cretaceous,USA,76.0,74.0,75.0,8.340230656471443,corythosaurus,Low Impact
8.0,18101.933598375617,27152.900397563426,20.0,4,0.03225806451612903,0.0,-105.0,3.0,carnivorous,large theropod,Early Jurassic,Antarctica,170.0,170.0,170.0,32.91016316952535,cryolophosaurus,Moderate Impact
6.0,8818.163074019441,8818.163074019441,13.200000000000001,3,0.8709677419354839,4.0,-85.0,2.0,herbivorous,armoured dinosaur,Late Jurassic,United Kingdom,154.0,150.0,152.0,8.146786143591317,dacentrurus,Low Impact
9.0,24300.0,36450.0,22.5,4,0.8387096774193549,2.0,-9.0,3.0,carnivorous,large theropod,Late Cretaceous,Canada,76.0,74.0,75.0,34.194487037688,daspletosaurus,Moderate Impact
15.0,87142.12528966687,87142.12528966687,45.0,3,0.967741935483871,0.0,-105.0,2.0,herbivorous,sauropod,Mid Jurassic,China,170.0,170.0,170.0,23.095101913093295,datousaurus,Low Impact
10.0,31622.776601683792,37947.33192202055,25.0,2,0.9354838709677419,4.0,-1.0,2.5,omnivorous,large theropod,Late Cretaceous,Mongolia,70.0,66.0,68.0,21.899693292817414,deinocheirus,Low Impact
3.0,1558.8457268119896,2338.2685902179846,3.0,3,1.0,10.0,-45.0,3.0,carnivorous,small theropod,Early Cretaceous,USA,120.0,110.0,115.0,24.36488760739505,deinonychus,Low Impact
8.1,18672.933355528265,28009.400033292397,20.25,4,0.45161290322580644,5.0,-29.0,3.0,carnivorous,large theropod,Late Cretaceous,Morocco,99.0,94.0,96.5,33.035059877521974,deltadromeus,Moderate Impact
20.0,178885.43819998318,178885.43819998318,60.0,3,0.6451612903225806,15.0,-70.0,2.0,herbivorous,sauropod,Late Jurassic,Tanzania,150.0,135.0,142.5,33.170720969757184,dicraeosaurus,Moderate Impact
6.0,8818.163074019441,13227.244611029162,15.0,4,1.0,0.0,-125.0,3.0,carnivorous,large theropod,Early Jurassic,USA,190.0,190.0,190.0,30.566981857398645,dilophosaurus,Moderate Impact
26.0,344693.71911887225,344693.71911887225,78.0,3,1.0,10.0,-80.0,2.0,herbivorous,sauropod,Late Jurassic,USA,155.0,145.0,150.0,48.336672921228995,diplodocus,Moderate Impact
1.8,434.69161482595916,652.0374222389387,1.8,3,1.0,2.0,-9.0,3.0,carnivorous,small theropod,Late Cretaceous,USA,76.0,74.0,75.0,23.8824967371154,dromaeosaurus,Low Impact
3.5,2291.7651493990393,2750.118179278847,8.75,2,0.8387096774193549,4.0,-5.0,2.5,omnivorous,large theropod,Late Cretaceous,Canada,74.0,70.0,72.0,14.648839062990811,dromiceiomimus,Low Impact
4.0,3200.0,3200.0,6.0,2,1.0,15.0,-75.0,2.0,herbivorous,euornithopod,Late Jurassic,USA,155.0,140.0,147.5,3.7643023256388646,dryosaurus,Low Impact
6.4,10362.151436839747,15543.227155259621,16.0,4,1.0,19.0,0.0,3.0,carnivorous,large theropod,Late Cretaceous,USA,84.0,65.0,74.5,31.012960676007022,dryptosaurus,Moderate Impact
7.5,15404.696929832795,23107.04539474919,18.75,4,0.5483870967741935,5.0,-99.0,3.0,carnivorous,large theropod,Late Jurassic,France,169.0,164.0,166.5,32.29710826710307,dubreuillosaurus,Moderate Impact
4.0,3200.0,3200.0,8.8,3,0.8387096774193549,2.0,-9.0,2.0,herbivorous,armoured dinosaur,Late Cretaceous,Canada,76.0,74.0,75.0,6.366529851494077,edmontonia,Low Impact
13.0,60933.816555341415,60933.816555341415,19.5,2,0.8387096774193549,11.0,0.0,2.0,herbivorous,euornithopod,Late Cretaceous,Canada,76.0,65.0,70.5,11.461605895443157,edmontosaurus,Low Impact
6.0,8818.163074019441,8818.163074019441,12.0,3,1.0,0.0,-9.0,2.0,herbivorous,ceratopsian,Late Cretaceous,USA,74.0,74.0,74.0,7.745831489653369,einiosaurus,Low Impact
6.2,9571.48281093374,14357.22421640061,15.5,4,0.6451612903225806,3.0,-86.0,3.0,carnivorous,large theropod,Late Jurassic,Tanzania,154.0,151.0,152.5,30.788618448538664,elaphrosaurus,Moderate Impact
2.0,565.685424949238,565.685424949238,4.4,3,0.8064516129032258,10.0,-115.0,2.0,herbivorous,armoured dinosaur,Mid Jurassic,Germany,190.0,180.0,185.0,4.750964271343722,emausaurus,Low Impact
5.0,5590.169943749474,5590.169943749474,7.5,2,1.0,5.0,-29.0,2.0,herbivorous,euornithopod,Late Cretaceous,USA,99.0,94.0,96.5,4.3974188254367474,eolambia,Low Impact
1.0,100.0,150.0,1.0,3,0.9032258064516129,0.0,-163.0,3.0,carnivorous,small theropod,Late Triassic,Argentina,228.0,228.0,228.0,23.59094783183537,eoraptor,Low Impact
5.0,5590.169943749474,8385.254915624211,12.5,4,0.8709677419354839,6.0,-56.0,3.0,carnivorous,large theropod,Early Cretaceous,United Kingdom,127.0,121.0,124.0,29.497816682245997,eotyrannus,Low Impact
5.0,5590.169943749474,5590.169943749474,7.5,2,0.967741935483871,28.0,-34.0,2.0,herbivorous,euornithopod,Early Cretaceous,China,127.0,99.0,113.0,4.3974188254367474,equijubus,Low Impact
3.4,2131.5586785261153,2557.870414231338,3.4,1,0.9354838709677419,10.0,-24.0,2.5,omnivorous,small theropod,Late Cretaceous,Mongolia,99.0,89.0,94.0,11.184635145430972,erlikosaurus,Low Impact
10.0,31622.776601683792,31622.776601683792,30.0,3,0.967741935483871,12.0,-77.0,2.0,herbivorous,sauropod,Late Jurassic,China,154.0,142.0,148.0,15.018830497362453,euhelopus,Low Impact
7.0,12964.181424216495,12964.181424216495,15.400000000000002,3,1.0,6.0,-5.0,2.0,herbivorous,armoured dinosaur,Late Cretaceous,USA,76.0,70.0,73.0,9.11070525981417,euoplocephalus,Low Impact
6.2,9571.48281093374,9571.48281093374,18.6,3,0.8064516129032258,3.0,-86.0,2.0,herbivorous,sauropod,Late Jurassic,Germany,154.0,151.0,152.5,9.992660860783689,europasaurus,Low Impact
7.0,12964.181424216495,19446.27213632474,17.5,4,0.8709677419354839,0.0,-100.0,3.0,carnivorous,large theropod,Mid Jurassic,United Kingdom,165.0,165.0,165.0,31.702650814924205,eustreptospondylus,Moderate Impact
4.2,3615.124230230547,5422.68634534582,10.5,4,0.25806451612903225,22.0,-34.0,3.0,carnivorous,large theropod,Early Cretaceous,Japan,121.0,99.0,110.0,28.68648223513297,fukuiraptor,Low Impact
4.7,4788.997880559147,4788.997880559147,7.050000000000001,2,0.25806451612903225,22.0,-34.0,2.0,herbivorous,euornithopod,Early Cretaceous,Japan,121.0,99.0,110.0,4.202840891589013,fukuisaurus,Low Impact
6.0,8818.163074019441,10581.79568882333,15.0,2,0.9354838709677419,4.0,-5.0,2.5,omnivorous,large theropod,Late Cretaceous,Mongolia,74.0,70.0,72.0,17.142390284325067,gallimimus,Low Impact
4.0,3200.0,3200.0,8.8,3,1.0,12.0,-77.0,2.0,herbivorous,armoured dinosaur,Late Jurassic,USA,154.0,142.0,148.0,6.366529851494077,gargoyleosaurus,Low Impact
4.7,4788.997880559147,5746.797456670976,11.75,2,0.9354838709677419,10.0,-24.0,2.5,omnivorous,large theropod,Late Cretaceous,Mongolia,99.0,89.0,94.0,15.806287175543124,garudimimus,Low Impact
4.0,3200.0,4800.0,4.0,3,0.967741935483871,10.0,-95.0,3.0,carnivorous,small theropod,Mid Jurassic,China,170.0,160.0,165.0,24.81790533998628,gasosaurus,Low Impact
0.8,57.24334022399462,57.24334022399462,1.2000000000000002,2,0.9032258064516129,15.0,-6.0,2.0,herbivorous,euornithopod,Late Cretaceous,Argentina,86.0,71.0,78.5,1.9870222114386007,gasparinisaura,Low Impact
4.6,4538.314400743959,4538.314400743959,10.12,3,1.0,15.0,-62.0,2.0,herbivorous,armoured dinosaur,Early Cretaceous,USA,142.0,127.0,134.5,6.881446975649781,gastonia,Low Impact
12.5,55242.71728019902,82864.07592029852,31.25,4,0.9032258064516129,22.0,-25.0,3.0,carnivorous,large theropod,Early Cretaceous,Argentina,112.0,90.0,101.0,39.3596737684833,giganotosaurus,Moderate Impact
6.0,8818.163074019441,8818.163074019441,9.0,2,0.967741935483871,6.0,-5.0,2.0,herbivorous,euornithopod,Late Cretaceous,China,76.0,70.0,73.0,5.076778188141834,gilmoreosaurus,Low Impact
23.0,253699.48758324285,253699.48758324285,69.0,3,0.6451612903225806,12.0,-77.0,2.0,herbivorous,sauropod,Late Jurassic,Tanzania,154.0,142.0,148.0,40.30717197630898,giraffatitan,Moderate Impact
5.0,5590.169943749474,5590.169943749474,11.0,3,0.967741935483871,22.0,-34.0,2.0,herbivorous,armoured dinosaur,Early Cretaceous,China,121.0,99.0,110.0,7.233536566089094,gobisaurus,Low Impact
8.6,21689.32957931157,32533.994368967353,21.5,4,1.0,7.0,-8.0,3.0,carnivorous,large theropod,Late Cretaceous,USA,80.0,73.0,76.5,33.671235405764996,gorgosaurus,Moderate Impact
2.0,565.685424949238,565.685424949238,5.0,3,0.9354838709677419,6.0,-10.0,2.0,herbivorous,large theropod,Late Cretaceous,Mongolia,81.0,75.0,78.0,4.951441598312696,goyocephale,Low Impact
5.25,6315.362129611018,6315.362129611018,10.5,3,0.9354838709677419,15.0,-19.0,2.0,herbivorous,ceratopsian,Late Cretaceous,Mongolia,99.0,84.0,91.5,7.10649842769014,graciliceratops,Low Impact
10.0,31622.776601683792,31622.776601683792,15.0,2,1.0,15.0,-6.0,2.0,herbivorous,euornithopod,Late Cretaceous,USA,86.0,71.0,78.5,8.340230656471443,gryposaurus,Low Impact
1.8,434.69161482595916,434.69161482595916,1.8,2,0.5483870967741935,11.0,-145.0,2.0,herbivorous,small theropod,Late Triassic,Brazil,221.0,210.0,215.5,2.208332440979138,guaibasaurus,Low Impact
3.0,1558.8457268119896,2338.2685902179846,3.0,3,0.967741935483871,5.0,-89.0,3.0,carnivorous,small theropod,Late Jurassic,China,159.0,154.0,156.5,24.36488760739505,guanlong,Low Impact
9.0,24300.0,24300.0,13.5,2,1.0,4.0,-9.0,2.0,herbivorous,euornithopod,Late Cretaceous,USA,78.0,74.0,76.0,7.434863570717222,hadrosaurus,Low Impact
21.5,214336.50747714442,214336.50747714442,64.5,3,1.0,12.0,-77.0,2.0,herbivorous,sauropod,Late Jurassic,USA,154.0,142.0,148.0,36.6309893532743,haplocanthosaurus,Moderate Impact
2.0,565.685424949238,678.8225099390856,2.0,1,0.9354838709677419,22.0,-34.0,2.5,omnivorous,small theropod,Early Cretaceous,Mongolia,121.0,99.0,110.0,10.619624442673738,harpymimus,Low Impact
3.0,1558.8457268119896,2338.2685902179846,3.0,3,0.9032258064516129,0.0,-163.0,3.0,carnivorous,small theropod,Late Triassic,Argentina,228.0,228.0,228.0,24.36488760739505,herrerasaurus,Low Impact
6.0,8818.163074019441,8818.163074019441,13.200000000000001,3,1.0,12.0,-77.0,2.0,herbivorous,armoured dinosaur,Late Jurassic,USA,154.0,142.0,148.0,8.146786143591317,hesperosaurus,Low Impact
1.2,157.74409656148782,157.74409656148782,1.7999999999999998,2,0.6451612903225806,0.0,-140.0,2.0,herbivorous,euornithopod,Early Jurassic,South Africa,205.0,205.0,205.0,2.1930465831446457,heterodontosaurus,Low Impact
2.0,565.685424949238,678.8225099390856,2.0,1,0.9354838709677419,4.0,-3.0,2.5,omnivorous,small theropod,Late Cretaceous,Mongolia,72.0,68.0,70.0,10.619624442673738,heyuannia,Low Impact
1.5,275.56759606310754,275.56759606310754,2.25,2,0.9354838709677419,4.0,-3.0,2.0,herbivorous,euornithopod,Late Cretaceous,Mongolia,72.0,68.0,70.0,2.349907735627417,homalocephale,Low Impact
4.5,4295.673695708276,4295.673695708276,9.9,3,0.967741935483871,10.0,-95.0,2.0,herbivorous,armoured dinosaur,Mid Jurassic,China,170.0,160.0,165.0,6.794546296888029,huayangosaurus,Low Impact
5.0,5590.169943749474,5590.169943749474,11.0,3,0.8709677419354839,15.0,-70.0,2.0,herbivorous,armoured dinosaur,Early Cretaceous,United Kingdom,150.0,135.0,142.5,7.233536566089094,hylaeosaurus,Low Impact
9.0,24300.0,24300.0,13.5,2,1.0,0.0,-5.0,2.0,herbivorous,euornithopod,Late Cretaceous,USA,70.0,70.0,70.0,7.434863570717222,hypacrosaurus,Low Impact
2.3,802.2682219806538,802.2682219806538,3.4499999999999997,2,0.8709677419354839,0.0,-60.0,2.0,herbivorous,euornithopod,Early Cretaceous,United Kingdom,125.0,125.0,125.0,2.779933135313754,hypsilophodon,Low Impact
10.0,31622.776601683792,31622.776601683792,15.0,2,0.8709677419354839,30.0,-45.0,2.0,herbivorous,euornithopod,Early Cretaceous,United Kingdom,140.0,110.0,125.0,8.340230656471443,iguanodon,Low Impact
7.0,12964.181424216495,19446.27213632474,17.5,4,0.5483870967741935,6.0,0.0,3.0,carnivorous,large theropod,Late Cretaceous,India,71.0,65.0,68.0,31.702650814924205,indosuchus,Moderate Impact
6.5,10771.678722464758,16157.518083697138,16.25,4,0.5483870967741935,13.0,-34.0,3.0,carnivorous,large theropod,Early Cretaceous,Brazil,112.0,99.0,105.5,31.126159960150158,irritator,Moderate Impact
15.0,87142.12528966687,87142.12528966687,45.0,3,0.5483870967741935,6.0,0.0,2.0,herbivorous,sauropod,Late Cretaceous,India,71.0,65.0,68.0,23.095101913093295,isisaurus,Low Impact
20.0,178885.43819998318,178885.43819998318,60.0,3,0.6451612903225806,3.0,-86.0,2.0,herbivorous,sauropod,Late Jurassic,Tanzania,154.0,151.0,152.5,33.170720969757184,janenschia,Moderate Impact
9.0,24300.0,24300.0,13.5,2,0.25806451612903225,10.0,-19.0,2.0,herbivorous,euornithopod,Late Cretaceous,Kazakhstan,94.0,84.0,89.0,7.434863570717222,jaxartosaurus,Low Impact
5.0,5590.169943749474,5590.169943749474,15.0,3,0.967741935483871,15.0,-125.0,2.0,herbivorous,sauropod,Early Jurassic,China,205.0,190.0,197.5,8.570052079215587,jingshanosaurus,Low Impact
5.0,5590.169943749474,5590.169943749474,7.5,2,0.967741935483871,6.0,-56.0,2.0,herbivorous,euornithopod,Early Cretaceous,China,127.0,121.0,124.0,4.3974188254367474,jinzhousaurus,Low Impact
21.0,202091.58814755257,202091.58814755257,63.0,3,0.7419354838709677,38.0,-29.0,2.0,herbivorous,sauropod,Early Cretaceous,Niger,132.0,94.0,113.0,35.453949228341465,jobaria,Moderate Impact
0.8,57.24334022399462,85.86501033599194,0.8,3,0.8064516129032258,3.0,-86.0,3.0,carnivorous,small theropod,Late Jurassic,Germany,154.0,151.0,152.5,23.521024668944996,juravenator,Low Impact
5.0,5590.169943749474,5590.169943749474,11.0,3,0.6451612903225806,5.0,-85.0,2.0,herbivorous,armoured dinosaur,Late Jurassic,Tanzania,155.0,150.0,152.5,7.233536566089094,kentrosaurus,Low Impact
1.8,434.69161482595916,521.629937791151,1.8,1,0.9354838709677419,6.0,-10.0,2.5,omnivorous,small theropod,Late Cretaceous,Mongolia,81.0,75.0,78.0,10.544664826100309,khaan,Low Impact
9.0,24300.0,24300.0,27.0,3,0.5483870967741935,25.0,-115.0,2.0,herbivorous,sauropod,Early Jurassic,India,205.0,180.0,192.5,13.612270094185796,kotasaurus,Low Impact
8.0,18101.933598375617,18101.933598375617,12.0,2,1.0,4.0,-9.0,2.0,herbivorous,euornithopod,Late Cretaceous,USA,78.0,74.0,76.0,6.591573806799459,kritosaurus,Low Impact
9.0,24300.0,24300.0,13.5,2,0.8387096774193549,2.0,-9.0,2.0,herbivorous,euornithopod,Late Cretaceous,Canada,76.0,74.0,75.0,7.434863570717222,lambeosaurus,Low Impact
15.0,87142.12528966687,87142.12528966687,45.0,3,0.45161290322580644,5.0,-99.0,2.0,herbivorous,sauropod,Mid Jurassic,Madagascar,169.0,164.0,166.5,23.095101913093295,lapparentosaurus,Low Impact
2.0,565.685424949238,565.685424949238,3.0,2,0.7419354838709677,5.0,-45.0,2.0,herbivorous,euornithopod,Early Cretaceous,Australia,115.0,110.0,112.5,2.616517175082783,leaellynasaura,Low Impact
3.0,1558.8457268119896,1558.8457268119896,6.0,3,1.0,2.0,0.0,2.0,herbivorous,ceratopsian,Late Cretaceous,USA,67.0,65.0,66.0,5.340387025506804,leptoceratops,Low Impact
1.8,434.69161482595916,434.69161482595916,1.8,2,0.03225806451612903,13.0,-135.0,2.0,herbivorous,small theropod,Early Jurassic,Lesotho,213.0,200.0,206.5,2.208332440979138,lesothosaurus,Low Impact
5.25,6315.362129611018,6315.362129611018,10.5,3,0.967741935483871,6.0,-56.0,2.0,herbivorous,ceratopsian,Early Cretaceous,China,127.0,121.0,124.0,7.10649842769014,liaoceratops,Low Impact
24.0,282181.2183686221,282181.2183686221,72.0,3,0.9032258064516129,22.0,-34.0,2.0,herbivorous,sauropod,Early Cretaceous,Argentina,121.0,99.0,110.0,42.881580958181516,ligabuesaurus,Moderate Impact
5.0,5590.169943749474,8385.254915624211,5.0,3,0.8064516129032258,3.0,-137.0,3.0,carnivorous,small theropod,Late Triassic,Germany,205.0,202.0,203.5,25.325183428467156,liliensternus,Low Impact
4.5,4295.673695708276,4295.673695708276,6.75,2,1.0,13.0,-6.0,2.0,herbivorous,euornithopod,Late Cretaceous,USA,84.0,71.0,77.5,4.075373663634248,lophorhothon,Low Impact
6.2,9571.48281093374,14357.22421640061,15.5,4,0.5483870967741935,7.0,-131.0,3.0,carnivorous,large theropod,Early Jurassic,France,203.0,196.0,199.5,30.788618448538664,lophostropheus,Moderate Impact
6.0,8818.163074019441,8818.163074019441,18.0,3,0.967741935483871,5.0,-130.0,2.0,herbivorous,sauropod,Early Jurassic,China,200.0,195.0,197.5,9.750604759343108,lufengosaurus,Low Impact
9.0,24300.0,24300.0,13.5,2,0.7419354838709677,9.0,-47.0,2.0,herbivorous,euornithopod,Early Cretaceous,Niger,121.0,112.0,116.5,7.434863570717222,lurdusaurus,Low Impact
1.2,157.74409656148782,157.74409656148782,1.7999999999999998,2,0.6451612903225806,10.0,-130.0,2.0,herbivorous,euornithopod,Late Triassic,South Africa,205.0,195.0,200.0,2.1930465831446457,lycorhinus,Low Impact
5.0,5590.169943749474,5590.169943749474,15.0,3,0.25806451612903225,6.0,0.0,2.0,herbivorous,sauropod,Late Cretaceous,Romania,71.0,65.0,68.0,8.570052079215587,magyarosaurus,Low Impact
9.0,24300.0,24300.0,13.5,2,1.0,5.0,-10.0,2.0,herbivorous,euornithopod,Late Cretaceous,USA,80.0,75.0,77.5,7.434863570717222,maiasaura,Low Impact
6.0,8818.163074019441,13227.244611029162,15.0,4,0.45161290322580644,13.0,-6.0,3.0,carnivorous,large theropod,Late Cretaceous,Madagascar,84.0,71.0,77.5,30.566981857398645,majungasaurus,Moderate Impact
9.0,24300.0,24300.0,27.0,3,0.03225806451612903,9.0,-47.0,2.0,herbivorous,sauropod,Early Cretaceous,Malawi,121.0,112.0,116.5,13.612270094185796,malawisaurus,Low Impact
22.0,227016.12277545402,227016.12277545402,66.0,3,0.967741935483871,10.0,-80.0,2.0,herbivorous,sauropod,Late Jurassic,China,155.0,145.0,150.0,37.8320221134208,mamenchisaurus,Moderate Impact
13.0,60933.816555341415,91400.72483301212,32.5,4,0.9032258064516129,5.0,-29.0,3.0,carnivorous,large theropod,Late Cretaceous,Argentina,99.0,94.0,96.5,40.18961071610633,mapusaurus,Moderate Impact
6.0,8818.163074019441,13227.244611029162,15.0,4,1.0,12.0,-77.0,3.0,carnivorous,large theropod,Late Jurassic,USA,154.0,142.0,148.0,30.566981857398645,marshosaurus,Moderate Impact
2.0,565.685424949238,848.5281374238571,2.0,3,0.45161290322580644,13.0,-6.0,3.0,carnivorous,small theropod,Late Cretaceous,Madagascar,84.0,71.0,77.5,23.958811994815942,masiakasaurus,Low Impact
4.0,3200.0,3840.0,12.0,2,0.45161290322580644,4.0,-139.0,2.5,omnivorous,sauropod,Early Jurassic,Zimbabwe,208.0,204.0,206.0,15.791153237026197,massospondylus,Low Impact
13.0,60933.816555341415,60933.816555341415,39.0,3,0.5483870967741935,0.0,-15.0,2.0,herbivorous,sauropod,Late Cretaceous,Brazil,80.0,80.0,80.0,19.643785688601472,maxakalisaurus,Low Impact
9.0,24300.0,36450.0,22.5,4,0.8709677419354839,15.0,-90.0,3.0,carnivorous,large theropod,Mid Jurassic,United Kingdom,170.0,155.0,162.5,34.194487037688,megalosaurus,Moderate Impact
12.0,49883.06325798367,59859.6759095804,36.0,2,0.6451612903225806,6.0,-156.0,2.5,omnivorous,sauropod,Late Triassic,South Africa,227.0,221.0,224.0,26.708952824941818,melanorosaurus,Low Impact
8.2,19254.605765894037,28881.908648841054,20.5,4,0.8709677419354839,5.0,-89.0,3.0,carnivorous,large theropod,Late Jurassic,United Kingdom,159.0,154.0,156.5,33.16072973618073,metriacanthosaurus,Moderate Impact
0.5,17.67766952966369,17.67766952966369,1.0,3,0.9354838709677419,20.0,-1.0,2.0,herbivorous,ceratopsian,Late Cretaceous,Mongolia,86.0,66.0,76.0,3.5846793124617653,microceratus,Low Impact
0.6,27.8854800926934,27.8854800926934,1.2,3,0.967741935483871,13.0,-6.0,2.0,herbivorous,ceratopsian,Late Cretaceous,China,84.0,71.0,77.5,3.6520684986228873,micropachycephalosaurus,Low Impact
0.8,57.24334022399462,85.86501033599194,0.8,3,0.967741935483871,3.0,-57.0,3.0,carnivorous,small theropod,Early Cretaceous,China,125.0,122.0,123.5,23.521024668944996,microraptor,Low Impact
3.0,1558.8457268119896,1558.8457268119896,6.6000000000000005,3,0.7419354838709677,9.0,-47.0,2.0,herbivorous,armoured dinosaur,Early Cretaceous,Australia,121.0,112.0,116.5,5.540864352475778,minmi,Low Impact
5.7,7756.881183826397,11635.321775739596,14.25,4,0.967741935483871,21.0,-94.0,3.0,carnivorous,large theropod,Mid Jurassic,China,180.0,159.0,169.5,30.239503585492418,monolophosaurus,Moderate Impact
1.0,100.0,110.00000000000001,1.0,2,0.9354838709677419,13.0,-3.0,2.0,unknown,small theropod,Late Cretaceous,Mongolia,81.0,68.0,74.5,1.9229013125625978,mononykus,Low Impact
3.0,1558.8457268119896,1558.8457268119896,9.0,3,0.9032258064516129,11.0,-145.0,2.0,herbivorous,sauropod,Late Triassic,Argentina,221.0,210.0,215.5,6.342773660351673,mussaurus,Low Impact
7.0,12964.181424216495,12964.181424216495,10.5,2,0.7419354838709677,10.0,-35.0,2.0,herbivorous,euornithopod,Early Cretaceous,Australia,110.0,100.0,105.0,5.806807089567551,muttaburrasaurus,Low Impact
4.4,4060.9878601148275,4873.185432137793,11.0,2,0.967741935483871,13.0,-6.0,2.5,omnivorous,large theropod,Late Cretaceous,China,84.0,71.0,77.5,15.510485955740204,nanshiungosaurus,Low Impact
7.0,12964.181424216495,12964.181424216495,14.0,3,1.0,2.0,0.0,2.0,herbivorous,ceratopsian,Late Cretaceous,USA,67.0,65.0,66.0,8.642924830219897,nedoceratops,Low Impact
13.0,60933.816555341415,60933.816555341415,39.0,3,0.9354838709677419,4.0,-3.0,2.0,herbivorous,sauropod,Late Cretaceous,Mongolia,72.0,68.0,70.0,19.643785688601472,nemegtosaurus,Low Impact
7.4,14896.330501167056,22344.495751750583,18.5,4,0.8709677419354839,6.0,-56.0,3.0,carnivorous,large theropod,Early Cretaceous,United Kingdom,127.0,121.0,124.0,32.176748856292356,neovenator,Moderate Impact
10.0,31622.776601683792,31622.776601683792,30.0,3,0.9032258064516129,6.0,0.0,2.0,herbivorous,sauropod,Late Cretaceous,Argentina,71.0,65.0,68.0,15.018830497362453,neuquenosaurus,Low Impact
15.0,87142.12528966687,87142.12528966687,45.0,3,0.03225806451612903,22.0,-34.0,2.0,herbivorous,sauropod,Early Cretaceous,Tunisia,121.0,99.0,110.0,23.095101913093295,nigersaurus,Low Impact
5.0,5590.169943749474,5590.169943749474,7.5,2,0.25806451612903225,5.0,-19.0,2.0,herbivorous,euornithopod,Late Cretaceous,Russia,89.0,84.0,86.5,4.3974188254367474,nipponosaurus,Low Impact
1.0,100.0,150.0,1.0,3,0.9032258064516129,19.0,0.0,3.0,carnivorous,small theropod,Late Cretaceous,Argentina,84.0,65.0,74.5,23.59094783183537,noasaurus,Low Impact
5.0,5590.169943749474,5590.169943749474,11.0,3,1.0,10.0,-35.0,2.0,herbivorous,armoured dinosaur,Early Cretaceous,USA,110.0,100.0,105.0,7.233536566089094,nodosaurus,Low Impact
1.6,323.8172324012421,388.58067888149054,1.6,1,0.9354838709677419,4.0,-3.0,2.5,omnivorous,small theropod,Late Cretaceous,Mongolia,72.0,68.0,70.0,10.470954491642495,nomingia,Low Impact
5.3,6466.803638583747,7760.164366300496,13.25,2,1.0,5.0,-24.0,2.5,omnivorous,large theropod,Late Cretaceous,USA,94.0,89.0,91.5,16.411661027242186,nothronychus,Low Impact
1.0,100.0,150.0,1.0,3,0.6451612903225806,27.0,-67.0,3.0,carnivorous,small theropod,Mid Jurassic,South Africa,159.0,132.0,145.5,23.59094783183537,nqwebasaurus,Low Impact
20.0,178885.43819998318,178885.43819998318,60.0,3,0.967741935483871,10.0,-94.0,2.0,herbivorous,sauropod,Mid Jurassic,China,169.0,159.0,164.0,33.170720969757184,omeisaurus,Moderate Impact
12.0,49883.06325798367,49883.06325798367,36.0,3,0.9354838709677419,4.0,-3.0,2.0,herbivorous,sauropod,Late Cretaceous,Mongolia,72.0,68.0,70.0,18.03146311742461,opisthocoelicaudia,Low Impact
2.0,565.685424949238,848.5281374238571,2.0,3,1.0,6.0,-79.0,3.0,carnivorous,small theropod,Late Jurassic,USA,150.0,144.0,147.0,23.958811994815942,ornitholestes,Low Impact
4.0,3200.0,3840.0,10.0,2,1.0,9.0,0.0,2.5,omnivorous,large theropod,Late Cretaceous,USA,74.0,65.0,69.5,15.122895480462953,ornithomimus,Low Impact
2.0,565.685424949238,565.685424949238,3.0,2,1.0,0.0,-9.0,2.0,herbivorous,euornithopod,Late Cretaceous,USA,74.0,74.0,74.0,2.616517175082783,orodromeus,Low Impact
2.1,639.0697145069543,639.0697145069543,3.1500000000000004,2,1.0,5.0,-29.0,2.0,herbivorous,euornithopod,Late Cretaceous,USA,99.0,94.0,96.5,2.6706868836779916,oryctodromeus,Low Impact
1.4,231.9103274975049,231.9103274975049,2.0999999999999996,2,1.0,12.0,-77.0,2.0,herbivorous,euornithopod,Late Jurassic,USA,154.0,142.0,148.0,2.29737878200115,othnielia,Low Impact
7.0,12964.181424216495,12964.181424216495,10.5,2,0.7419354838709677,15.0,-35.0,2.0,herbivorous,euornithopod,Early Cretaceous,Niger,115.0,100.0,107.5,5.806807089567551,ouranosaurus,Low Impact
2.0,565.685424949238,678.8225099390856,2.0,1,0.9354838709677419,10.0,-10.0,2.5,omnivorous,small theropod,Late Cretaceous,Mongolia,85.0,75.0,80.0,10.619624442673738,oviraptor,Low Impact
8.0,18101.933598375617,18101.933598375617,12.0,2,1.0,11.0,0.0,2.0,herbivorous,euornithopod,Late Cretaceous,USA,76.0,65.0,70.5,6.591573806799459,pachycephalosaurus,Low Impact
6.0,8818.163074019441,8818.163074019441,12.0,3,0.8387096774193549,2.0,-9.0,2.0,herbivorous,ceratopsian,Late Cretaceous,Canada,76.0,74.0,75.0,7.745831489653369,pachyrhinosaurus,Low Impact
7.0,12964.181424216495,12964.181424216495,15.400000000000002,3,1.0,4.0,-10.0,2.0,herbivorous,armoured dinosaur,Late Cretaceous,USA,79.0,75.0,77.0,9.11070525981417,panoplosaurus,Low Impact
28.0,414853.8055749278,414853.8055749278,84.0,3,0.25806451612903225,5.0,-29.0,2.0,herbivorous,sauropod,Late Cretaceous,Egypt,99.0,94.0,96.5,54.21386618566603,paralititan,Moderate Impact
11.0,40131.159963300335,40131.159963300335,16.5,2,1.0,2.0,-9.0,2.0,herbivorous,euornithopod,Late Cretaceous,USA,76.0,74.0,75.0,9.31103619241838,parasaurolophus,Low Impact
3.0,1558.8457268119896,1558.8457268119896,4.5,2,0.8387096774193549,2.0,-9.0,2.0,herbivorous,euornithopod,Late Cretaceous,Canada,76.0,74.0,75.0,3.1725270414177027,parksosaurus,Low Impact
18.0,137461.55826266482,137461.55826266482,54.0,3,0.9032258064516129,5.0,-94.0,2.0,herbivorous,sauropod,Mid Jurassic,Argentina,164.0,159.0,161.5,28.879595601146423,patagosaurus,Low Impact
2.0,565.685424949238,848.5281374238571,2.0,3,0.6451612903225806,6.0,-56.0,3.0,carnivorous,small theropod,Early Cretaceous,Spain,127.0,121.0,124.0,23.958811994815942,pelicanimimus,Low Impact
25.0,312500.0,312500.0,75.0,3,0.8709677419354839,0.0,-60.0,2.0,herbivorous,sauropod,Early Cretaceous,United Kingdom,125.0,125.0,125.0,45.55738423397169,pelorosaurus,Moderate Impact
6.8,12057.916768662819,12057.916768662819,13.6,3,1.0,2.0,-9.0,2.0,herbivorous,ceratopsian,Late Cretaceous,USA,76.0,74.0,75.0,8.4592528534778,pentaceratops,Low Impact
4.2,3615.124230230547,5422.68634534582,10.5,4,0.9032258064516129,5.0,-94.0,3.0,carnivorous,large theropod,Late Jurassic,Argentina,164.0,159.0,161.5,28.68648223513297,piatnitzkysaurus,Low Impact
5.0,5590.169943749474,5590.169943749474,11.0,3,0.9354838709677419,6.0,-10.0,2.0,herbivorous,armoured dinosaur,Late Cretaceous,Mongolia,81.0,75.0,78.0,7.233536566089094,pinacosaurus,Low Impact
7.0,12964.181424216495,12964.181424216495,21.0,3,0.03225806451612903,0.0,-145.0,2.0,herbivorous,sauropod,Late Triassic,Switzerland,210.0,210.0,210.0,10.981826978191258,plateosaurus,Low Impact
0.9,76.84334714209162,115.26502071313743,0.9,3,1.0,15.0,-115.0,3.0,carnivorous,small theropod,Mid Jurassic,USA,195.0,180.0,187.5,23.555857424731354,podokesaurus,Low Impact
9.0,24300.0,36450.0,22.5,4,0.5483870967741935,5.0,-99.0,3.0,carnivorous,large theropod,Mid Jurassic,France,169.0,164.0,166.5,34.194487037688,poekilopleuron,Moderate Impact
5.0,5590.169943749474,5590.169943749474,11.0,3,0.8709677419354839,0.0,-60.0,2.0,herbivorous,armoured dinosaur,Early Cretaceous,United Kingdom,125.0,125.0,125.0,7.233536566089094,polacanthus,Low Impact
2.4,892.3353629661888,892.3353629661888,3.5999999999999996,2,0.9354838709677419,15.0,0.0,2.0,herbivorous,euornithopod,Late Cretaceous,Mongolia,80.0,65.0,72.5,2.8350236382052882,prenocephale,Low Impact
6.0,8818.163074019441,8818.163074019441,9.0,2,0.967741935483871,22.0,-34.0,2.0,herbivorous,euornithopod,Early Cretaceous,China,121.0,99.0,110.0,5.076778188141834,probactrosaurus,Low Impact
4.1,3403.7655765343175,5105.648364801476,4.1,3,0.8709677419354839,5.0,-99.0,3.0,carnivorous,small theropod,Mid Jurassic,United Kingdom,169.0,164.0,166.5,24.866079457966713,proceratosaurus,Low Impact
1.0,100.0,150.0,1.0,3,0.8064516129032258,11.0,-145.0,3.0,carnivorous,small theropod,Late Triassic,Germany,221.0,210.0,215.5,23.59094783183537,procompsognathus,Low Impact
7.6,15923.333118414621,15923.333118414621,11.399999999999999,2,1.0,2.0,-10.0,2.0,herbivorous,euornithopod,Late Cretaceous,USA,77.0,75.0,76.0,6.270850675052989,prosaurolophus,Low Impact
2.0,565.685424949238,848.5281374238571,2.0,3,0.967741935483871,2.0,-55.0,3.0,carnivorous,small theropod,Early Cretaceous,China,122.0,120.0,121.0,23.958811994815942,protarchaeopteryx,Low Impact
1.8,434.69161482595916,434.69161482595916,3.6,3,0.9354838709677419,4.0,-5.0,2.0,herbivorous,ceratopsian,Late Cretaceous,Mongolia,74.0,70.0,72.0,4.476431088552727,protoceratops,Low Impact
6.0,8818.163074019441,8818.163074019441,9.0,2,1.0,5.0,-29.0,2.0,herbivorous,euornithopod,Late Cretaceous,USA,99.0,94.0,96.5,5.076778188141834,protohadros,Low Impact
2.0,565.685424949238,565.685424949238,4.0,3,0.25806451612903225,20.0,-35.0,2.0,herbivorous,ceratopsian,Early Cretaceous,Russia,120.0,100.0,110.0,4.617312720031073,psittacosaurus,Low Impact
23.0,253699.48758324285,253699.48758324285,69.0,3,0.9354838709677419,2.0,-19.0,2.0,herbivorous,sauropod,Late Cretaceous,Mongolia,86.0,84.0,85.0,40.30717197630898,quaesitosaurus,Moderate Impact
20.0,178885.43819998318,178885.43819998318,60.0,3,0.45161290322580644,13.0,-34.0,2.0,herbivorous,sauropod,Early Cretaceous,Morocco,112.0,99.0,105.5,33.170720969757184,rebbachisaurus,Moderate Impact
4.0,3200.0,3200.0,6.0,2,0.6451612903225806,6.0,-5.0,2.0,herbivorous,euornithopod,Late Cretaceous,Spain,76.0,70.0,73.0,3.7643023256388646,rhabdodon,Low Impact
15.0,87142.12528966687,87142.12528966687,45.0,3,0.7419354838709677,8.0,-104.0,2.0,herbivorous,sauropod,Mid Jurassic,Australia,177.0,169.0,173.0,23.095101913093295,rhoetosaurus,Low Impact
2.5,988.2117688026185,1185.8541225631423,2.5,1,0.9354838709677419,4.0,-3.0,2.5,omnivorous,small theropod,Late Cretaceous,Mongolia,72.0,68.0,70.0,10.812924946411458,rinchenia,Low Impact
5.15,6018.913093065476,7222.695711678571,15.450000000000001,2,0.9032258064516129,11.0,-145.0,2.5,omnivorous,sauropod,Late Triassic,Argentina,221.0,210.0,215.5,17.118933547307115,riojasaurus,Low Impact
7.0,12964.181424216495,19446.27213632474,17.5,4,0.7419354838709677,0.0,-30.0,3.0,carnivorous,large theropod,Late Cretaceous,Niger,95.0,95.0,95.0,31.702650814924205,rugops,Moderate Impact
6.6,11190.76662253306,11190.76662253306,14.52,3,0.9354838709677419,0.0,-15.0,2.0,herbivorous,armoured dinosaur,Late Cretaceous,Mongolia,80.0,80.0,80.0,8.718789884632566,saichania,Low Impact
12.0,49883.06325798367,49883.06325798367,36.0,3,0.9032258064516129,5.0,0.0,2.0,herbivorous,sauropod,Late Cretaceous,Argentina,70.0,65.0,67.5,18.03146311742461,saltasaurus,Low Impact
1.8,434.69161482595916,652.0374222389387,1.8,3,0.8709677419354839,11.0,-145.0,3.0,carnivorous,small theropod,Late Triassic,United Kingdom,221.0,210.0,215.5,23.8824967371154,saltopus,Low Impact
3.0,1558.8457268119896,2338.2685902179846,3.0,3,0.8709677419354839,7.0,-130.0,3.0,carnivorous,small theropod,Early Jurassic,United Kingdom,202.0,195.0,198.5,24.36488760739505,sarcosaurus,Low Impact
9.0,24300.0,24300.0,13.5,2,0.9354838709677419,4.0,-5.0,2.0,herbivorous,euornithopod,Late Cretaceous,Mongolia,74.0,70.0,72.0,7.434863570717222,saurolophus,Low Impact
6.5,10771.678722464758,10771.678722464758,14.3,3,1.0,27.0,-29.0,2.0,herbivorous,armoured dinosaur,Early Cretaceous,USA,121.0,94.0,107.5,8.622150368868532,sauropelta,Low Impact
12.0,49883.06325798367,74824.59488697551,30.0,4,1.0,12.0,-77.0,3.0,carnivorous,large theropod,Late Jurassic,USA,154.0,142.0,148.0,38.55374744986121,saurophaganax,Moderate Impact
3.0,1558.8457268119896,2338.2685902179846,3.0,3,0.9354838709677419,5.0,-15.0,3.0,carnivorous,small theropod,Late Cretaceous,Mongolia,85.0,80.0,82.5,24.36488760739505,saurornithoides,Low Impact
4.0,3200.0,3200.0,8.8,3,0.8709677419354839,14.0,-129.0,2.0,herbivorous,armoured dinosaur,Early Jurassic,United Kingdom,208.0,194.0,201.0,6.366529851494077,scelidosaurus,Low Impact
1.2,157.74409656148782,157.74409656148782,2.64,3,1.0,3.0,-137.0,2.0,herbivorous,armoured dinosaur,Early Jurassic,USA,205.0,202.0,203.5,4.140381507567876,scutellosaurus,Low Impact
3.0,1558.8457268119896,1558.8457268119896,4.5,2,0.9032258064516129,6.0,0.0,2.0,herbivorous,euornithopod,Late Cretaceous,Argentina,71.0,65.0,68.0,3.1725270414177027,secernosaurus,Low Impact
1.5,275.56759606310754,413.3513940946613,1.5,3,1.0,15.0,-115.0,3.0,carnivorous,small theropod,Mid Jurassic,USA,195.0,180.0,187.5,23.77073077690267,segisaurus,Low Impact
4.0,3200.0,4800.0,10.0,4,0.9354838709677419,9.0,-23.0,3.0,carnivorous,large theropod,Late Cretaceous,Mongolia,97.0,88.0,92.5,28.489345276342686,segnosaurus,Low Impact
5.0,5590.169943749474,5590.169943749474,11.0,3,0.9354838709677419,22.0,-34.0,2.0,herbivorous,armoured dinosaur,Early Cretaceous,Mongolia,121.0,99.0,110.0,7.233536566089094,shamosaurus,Low Impact
0.45,13.584112963311224,20.376169444966834,0.45,3,0.9354838709677419,-16.0,-77.0,3.0,carnivorous,small theropod,Early Cretaceous,Mongolia,126.0,142.0,134.0,23.40091679032262,shanag,Low Impact
15.0,87142.12528966687,87142.12528966687,22.5,2,0.967741935483871,4.0,-9.0,2.0,herbivorous,euornithopod,Late Cretaceous,China,78.0,74.0,76.0,13.910535485090112,shantungosaurus,Low Impact
10.0,31622.776601683792,31622.776601683792,30.0,3,0.967741935483871,10.0,-95.0,2.0,herbivorous,sauropod,Mid Jurassic,China,170.0,160.0,165.0,15.018830497362453,shunosaurus,Low Impact
0.6,27.8854800926934,33.462576111232075,0.6,1,0.9354838709677419,-6.0,-16.0,2.5,omnivorous,small theropod,Late Cretaceous,Mongolia,75.0,81.0,78.0,10.118450227582471,shuvuuia,Low Impact
4.0,3200.0,3200.0,8.8,3,1.0,9.0,-47.0,2.0,herbivorous,armoured dinosaur,Early Cretaceous,USA,121.0,112.0,116.5,6.366529851494077,silvisaurus,Low Impact
2.37,864.7107637568761,1297.0661456353141,2.37,3,0.967741935483871,0.0,-60.0,3.0,carnivorous,small theropod,Early Cretaceous,China,125.0,125.0,125.0,24.104101738321006,sinocalliopteryx,Low Impact
2.0,565.685424949238,848.5281374238571,2.0,3,0.967741935483871,2.0,-55.0,3.0,carnivorous,small theropod,Early Cretaceous,China,122.0,120.0,121.0,23.958811994815942,sinornithosaurus,Low Impact
1.0,100.0,150.0,1.0,3,0.967741935483871,2.0,-55.0,3.0,carnivorous,small theropod,Early Cretaceous,China,122.0,120.0,121.0,23.59094783183537,sinosauropteryx,Low Impact
1.0,100.0,150.0,1.0,3,0.967741935483871,6.0,-56.0,3.0,carnivorous,small theropod,Early Cretaceous,China,127.0,121.0,124.0,23.59094783183537,sinovenator,Low Impact
7.6,15923.333118414621,23884.99967762193,19.0,4,0.967741935483871,27.0,-77.0,3.0,carnivorous,large theropod,Mid Jurassic,China,169.0,142.0,155.5,32.41821164209217,sinraptor,Moderate Impact
9.0,24300.0,24300.0,27.0,3,0.967741935483871,24.0,0.0,2.0,herbivorous,sauropod,Late Cretaceous,China,89.0,65.0,77.0,13.612270094185796,sonidosaurus,Low Impact
18.0,137461.55826266482,206192.33739399724,45.0,4,0.45161290322580644,25.0,-5.0,3.0,carnivorous,large theropod,Late Cretaceous,Morocco,95.0,70.0,82.5,49.910060980869595,spinosaurus,Moderate Impact
2.0,565.685424949238,848.5281374238571,5.0,4,0.5483870967741935,6.0,-156.0,3.0,carnivorous,large theropod,Late Triassic,Brazil,227.0,221.0,224.0,26.627865296327474,staurikosaurus,Low Impact
2.4,892.3353629661888,892.3353629661888,3.5999999999999996,2,1.0,2.0,-9.0,2.0,herbivorous,euornithopod,Late Cretaceous,USA,76.0,74.0,75.0,2.8350236382052882,stegoceras,Low Impact
9.0,24300.0,24300.0,19.8,3,1.0,10.0,-80.0,2.0,herbivorous,armoured dinosaur,Late Jurassic,USA,155.0,145.0,150.0,11.206542170558114,stegosaurus,Low Impact
1.5,275.56759606310754,275.56759606310754,3.0,3,0.8064516129032258,6.0,-56.0,2.0,herbivorous,ceratopsian,Early Cretaceous,Germany,127.0,121.0,124.0,4.2671710610053015,stenopelix,Low Impact
4.0,3200.0,3840.0,4.0,1,0.8387096774193549,2.0,-9.0,2.5,omnivorous,small theropod,Late Cretaceous,Canada,76.0,74.0,75.0,11.451455544106551,struthiomimus,Low Impact
2.5,988.2117688026185,988.2117688026185,5.5,3,0.6451612903225806,8.0,-10.0,2.0,herbivorous,armoured dinosaur,Late Cretaceous,Spain,83.0,75.0,79.0,5.1418269816668545,struthiosaurus,Low Impact
5.5,7094.253836732938,7094.253836732938,11.0,3,1.0,6.0,-5.0,2.0,herbivorous,ceratopsian,Late Cretaceous,USA,76.0,70.0,73.0,7.3165530621507795,styracosaurus,Low Impact
11.0,40131.159963300335,60196.7399449505,27.5,4,0.7419354838709677,9.0,-47.0,3.0,carnivorous,large theropod,Early Cretaceous,Niger,121.0,112.0,116.5,37.0119757576142,suchomimus,Moderate Impact
35.0,724719.773429703,724719.773429703,105.0,3,1.0,12.0,-77.0,2.0,herbivorous,sauropod,Early Cretaceous,USA,154.0,142.0,148.0,78.33333333333331,supersaurus,High Impact
6.0,8818.163074019441,8818.163074019441,13.200000000000001,3,0.9354838709677419,10.0,-24.0,2.0,herbivorous,armoured dinosaur,Late Cretaceous,Mongolia,99.0,89.0,94.0,8.146786143591317,talarurus,Low Impact
5.0,5590.169943749474,5590.169943749474,7.5,2,0.967741935483871,24.0,0.0,2.0,herbivorous,euornithopod,Late Cretaceous,China,89.0,65.0,77.0,4.3974188254367474,tanius,Low Impact
10.0,31622.776601683792,47434.16490252569,25.0,4,0.9354838709677419,4.0,-5.0,3.0,carnivorous,large theropod,Late Cretaceous,Mongolia,74.0,70.0,72.0,35.560287406445354,tarbosaurus,Moderate Impact
8.5,21064.313720128648,21064.313720128648,18.700000000000003,3,0.9354838709677419,7.0,-3.0,2.0,herbivorous,armoured dinosaur,Late Cretaceous,Mongolia,75.0,68.0,71.5,10.66040974300792,tarchia,Low Impact
5.0,5590.169943749474,5590.169943749474,7.5,2,0.6451612903225806,19.0,0.0,2.0,herbivorous,euornithopod,Late Cretaceous,Spain,84.0,65.0,74.5,4.3974188254367474,telmatosaurus,Low Impact
7.0,12964.181424216495,12964.181424216495,10.5,2,1.0,10.0,-45.0,2.0,herbivorous,euornithopod,Early Cretaceous,USA,120.0,110.0,115.0,5.806807089567551,tenontosaurus,Low Impact
2.5,988.2117688026185,1185.8541225631423,7.5,2,0.8709677419354839,22.0,-140.0,2.5,omnivorous,sauropod,Late Triassic,United Kingdom,227.0,205.0,216.0,14.150236004486239,thecodontosaurus,Low Impact
3.5,2291.7651493990393,2291.7651493990393,5.25,2,1.0,9.0,-2.0,2.0,herbivorous,euornithopod,Late Cretaceous,USA,76.0,67.0,71.5,3.463576498435296,thescelosaurus,Low Impact
7.5,15404.696929832795,15404.696929832795,15.0,3,1.0,5.0,0.0,2.0,herbivorous,ceratopsian,Late Cretaceous,USA,70.0,65.0,67.5,9.111755666820212,torosaurus,Low Impact
10.0,31622.776601683792,47434.16490252569,25.0,4,1.0,11.0,-79.0,3.0,carnivorous,large theropod,Late Jurassic,USA,155.0,144.0,149.5,35.560287406445354,torvosaurus,Moderate Impact
9.0,24300.0,24300.0,18.0,3,1.0,2.0,-1.0,2.0,herbivorous,ceratopsian,Late Cretaceous,USA,68.0,66.0,67.0,10.605110189651192,triceratops,Low Impact
2.0,565.685424949238,848.5281374238571,2.0,3,1.0,9.0,0.0,3.0,carnivorous,small theropod,Late Cretaceous,USA,74.0,65.0,69.5,23.958811994815942,troodon,Low Impact
5.0,5590.169943749474,5590.169943749474,11.0,3,0.9354838709677419,15.0,-19.0,2.0,herbivorous,armoured dinosaur,Late Cretaceous,Mongolia,99.0,84.0,91.5,7.233536566089094,tsagantegia,Low Impact
12.0,49883.06325798367,49883.06325798367,18.0,2,0.967741935483871,13.0,-6.0,2.0,herbivorous,euornithopod,Late Cretaceous,China,84.0,71.0,77.5,10.350476641688733,tsintaosaurus,Low Impact
7.0,12964.181424216495,12964.181424216495,15.400000000000002,3,0.967741935483871,3.0,-89.0,2.0,herbivorous,armoured dinosaur,Late Jurassic,China,157.0,154.0,155.5,9.11070525981417,tuojiangosaurus,Low Impact
1.4,231.9103274975049,231.9103274975049,2.0999999999999996,2,0.9354838709677419,3.0,-7.0,2.0,herbivorous,euornithopod,Late Cretaceous,Mongolia,75.0,72.0,73.5,2.29737878200115,tylocephale,Low Impact
12.0,49883.06325798367,74824.59488697551,30.0,4,1.0,2.0,-1.0,3.0,carnivorous,large theropod,Late Cretaceous,USA,68.0,66.0,67.0,38.55374744986121,tyrannosaurus,Moderate Impact
5.25,6315.362129611018,6315.362129611018,10.5,3,0.9354838709677419,6.0,-10.0,2.0,herbivorous,ceratopsian,Late Cretaceous,Mongolia,81.0,75.0,78.0,7.10649842769014,udanoceratops,Low Impact
2.4,892.3353629661888,1338.5030444492832,2.4,3,0.9032258064516129,8.0,-21.0,3.0,carnivorous,small theropod,Late Cretaceous,Argentina,94.0,86.0,90.0,24.11612679188531,unenlagia,Low Impact
1.0,100.0,150.0,1.0,3,0.25806451612903225,0.0,-30.0,3.0,carnivorous,small theropod,Late Cretaceous,Uzbekistan,95.0,95.0,95.0,23.59094783183537,urbacodon,Low Impact
6.0,8818.163074019441,13227.244611029162,15.0,4,1.0,12.0,-35.0,3.0,carnivorous,large theropod,Early Cretaceous,USA,112.0,100.0,106.0,30.566981857398645,utahraptor,Moderate Impact
3.0,1558.8457268119896,1558.8457268119896,4.5,2,0.8709677419354839,21.0,-56.0,2.0,herbivorous,euornithopod,Early Cretaceous,United Kingdom,142.0,121.0,131.5,3.1725270414177027,valdosaurus,Low Impact
1.8,434.69161482595916,652.0374222389387,1.8,3,0.9354838709677419,4.0,-5.0,3.0,carnivorous,small theropod,Late Cretaceous,Mongolia,74.0,70.0,72.0,23.8824967371154,velociraptor,Low Impact
6.5,10771.678722464758,10771.678722464758,19.5,3,0.45161290322580644,3.0,-137.0,2.0,herbivorous,sauropod,Early Jurassic,Zimbabwe,205.0,202.0,203.5,10.359620535932972,vulcanodon,Low Impact
3.0,1558.8457268119896,1558.8457268119896,4.5,2,0.967741935483871,10.0,-94.0,2.0,herbivorous,euornithopod,Mid Jurassic,China,169.0,159.0,164.0,3.1725270414177027,yandusaurus,Low Impact
10.0,31622.776601683792,47434.16490252569,25.0,4,0.967741935483871,16.0,-79.0,3.0,carnivorous,large theropod,Late Jurassic,China,160.0,144.0,152.0,35.560287406445354,yangchuanosaurus,Moderate Impact
9.0,24300.0,24300.0,27.0,3,0.967741935483871,5.0,-125.0,2.0,herbivorous,sauropod,Early Jurassic,China,195.0,190.0,192.5,13.612270094185796,yimenosaurus,Low Impact
5.0,5590.169943749474,5590.169943749474,11.0,3,0.967741935483871,17.0,-77.0,2.0,herbivorous,armoured dinosaur,Late Jurassic,China,159.0,142.0,150.5,7.233536566089094,yingshanosaurus,Low Impact
1.2,157.74409656148782,157.74409656148782,2.4,3,0.967741935483871,5.0,-89.0,2.0,herbivorous,ceratopsian,Mid Jurassic,China,159.0,154.0,156.5,4.060190576780287,yinlong,Low Impact
17.0,119157.75258035037,119157.75258035037,51.0,3,0.967741935483871,21.0,-94.0,2.0,herbivorous,sauropod,Mid Jurassic,China,180.0,159.0,169.5,26.866947624212717,yuanmousaurus,Low Impact
7.0,12964.181424216495,15557.017709059794,21.0,2,0.967741935483871,15.0,-125.0,2.5,omnivorous,sauropod,Early Jurassic,China,205.0,190.0,197.5,19.404603609145372,yunnanosaurus,Low Impact
3.0,1558.8457268119896,1558.8457268119896,4.5,2,0.25806451612903225,0.0,-4.0,2.0,herbivorous,euornithopod,Late Cretaceous,Romania,69.0,69.0,69.0,3.1725270414177027,zalmoxes,Low Impact
1.8,434.69161482595916,434.69161482595916,2.7,2,1.0,10.0,-45.0,2.0,herbivorous,euornithopod,Early Cretaceous,USA,120.0,110.0,115.0,2.5090484314325994,zephyrosaurus,Low Impact
5.25,6315.362129611018,6315.362129611018,10.5,3,1.0,5.0,-24.0,2.0,herbivorous,ceratopsian,Late Cretaceous,USA,94.0,89.0,91.5,7.10649842769014,zuniceratops,Low Impact
